"","Variables","VIF"
"1","Temperature.oC",1.23558485790418
"2","pH",1.17019054404982
"3","TP.ug.l",1.18252109891948
"4","Q.Anomaly",1.0882069919923
"5","Days.Since.Freshet",1.1248100212882
"6","Nitrate...Nitrite.y",1.14040674944029
"7","P_._Diss",1.06418482674097
