"","Variables","VIF"
"1","Temperature.oC",1.25243816013181
"2","pH",1.13573056597418
"3","TN.ug.l",1.59316491276046
"4","TP.ug.l",1.40243271437355
"5","Q.Anomaly",1.11000914589234
"6","Days.Since.Freshet",1.10750484372103
