"","Variables","VIF"
"1","Temperature.oC",1.23268739964709
"2","pH",1.14259380620003
"3","TN.ug.l",1.41870541270627
"4","Q.Anomaly",1.11259273219573
"5","Days.Since.Freshet",1.11017960024757
"6","P_._Diss",1.0898351368236
"7","N_P",1.18134041592369
